Registrant Name, Holberton Group
Registrant Organization, Holberton Group
Registrant Street, P.O. Box 877
Registrant City, Wolfeboro
Registrant State/Province, NH
Registrant Postal Code, 03894
Registrant Country, US
Registrant Phone, 781-259-9719
Registrant Phone Ext, 
Registrant Fax, 
Registrant Fax Ext, 
Registrant Email, admin@webeditor.com
Admin Name, Holberton Group
Admin Organization, Holberton Group
Admin Street, P.O. Box 877
Admin City, Wolfeboro
Admin State/Province, NH
Admin Postal Code, 03894
Admin Country, US
Admin Phone, 781-259-9719
Admin Phone Ext, 
Admin Fax, 
Admin Fax Ext, 
Admin Email, admin@webeditor.com
Tech Name, Holberton Group
Tech Organization, Holberton Group
Tech Street, P.O. Box 877
Tech City, Wolfeboro
Tech State/Province, NH
Tech Postal Code, 03894
Tech Country, US
Tech Phone, 781-259-9719
Tech Phone Ext, 
Tech Fax, 
Tech Fax Ext, 
Tech Email, admin@webeditor.com
